complex,parameter,baseline_score,ablated_score,abs_delta,within2,tag
1LUQ,box_size,-6.685,-6.707,0.022,1,
2F01,box_size,-7.439,-7.467,0.028,1,
2GH7,box_size,-7.454,-7.483,0.029,1,
2PZN,box_size,-10.307,-9.895,0.412,1,
3RY2,box_size,-7.377,-7.324,0.053,1,
4PZH,box_size,-7.634,-7.648,0.014,1,
4QB3,box_size,-7.6,-7.607,0.007,1,
4WW6,box_size,-7.481,-7.519,0.038,1,
4X6H,box_size,-6.114,-6.316,0.202,1,
4YX4,box_size,-6.158,-6.16,0.002,1,
4YXI,box_size,-6.584,-6.576,0.008,1,
4YXO,box_size,-4.025,-4.687,0.662,1,
1KT6,box_center,-8.427,-8.461,0.034,1,
1LUQ,box_center,-6.685,-6.537,0.148,1,
1N8K,box_center,-3.4,-3.248,0.152,1,
1PWL,box_center,-12.678,-9.335,3.343,0,
2F01,box_center,-7.439,-6.978,0.461,1,
2GH7,box_center,-7.454,-7.014,0.44,1,
2HDS,box_center,-7.086,-5.977,1.109,1,
2JHG,box_center,-3.743,-3.914,0.171,1,
2PZN,box_center,-10.307,-9.826,0.481,1,
3F17,box_center,-9.964,-10.082,0.118,1,
3M0I,box_center,-11.806,-10.76,1.046,1,
3RY2,box_center,-7.377,-6.984,0.393,1,
3SAX,box_center,-9.167,-9.203,0.036,1,
3WZP,box_center,-8.236,-8.283,0.047,1,
4BLJ,box_center,-6.76,-6.975,0.215,1,
4D7B,box_center,-5.973,-6.354,0.381,1,
4EZ8,box_center,-7.455,-7.451,0.004,1,
4M5I,box_center,-9.362,-9.918,0.556,1,
4M5L,box_center,-9.424,-9.79,0.366,1,
4MRH,box_center,-4.84,-4.809,0.031,1,
4NUD,box_center,-7.579,-5.861,1.718,1,
4NYX,box_center,-8.269,-8.132,0.137,1,
4PZH,box_center,-7.634,-7.522,0.112,1,
4QB3,box_center,-7.6,-7.552,0.048,1,
4QXV,box_center,-5.492,-5.946,0.454,1,
4RUX,box_center,-6.701,-6.566,0.135,1,
4RUY,box_center,-6.684,-6.586,0.098,1,
4WL4,box_center,-6.418,-6.422,0.004,1,
4WW6,box_center,-7.481,-7.511,0.03,1,
4X6H,box_center,-6.114,-6.292,0.178,1,
4YX4,box_center,-6.158,-6.183,0.025,1,
4YXI,box_center,-6.584,-6.592,0.008,1,
4YXO,box_center,-4.025,-6.555,2.53,0,
4YYT,box_center,-6.362,-6.321,0.041,1,
5ANV,box_center,-9.834,-9.787,0.047,1,
5C5A,box_center,-8.754,-8.827,0.073,1,
5EP7,box_center,-7.243,-7.235,0.008,1,
5ETO,box_center,-9.295,-9.293,0.002,1,
5ETP,box_center,-9.288,-9.302,0.014,1,
5K1L,box_center,-5.651,-5.375,0.276,1,
5LL4,box_center,-9.125,-8.118,1.007,1,
5LL8,box_center,-6.909,-6.913,0.004,1,
5LLC,box_center,-8.834,-8.834,0.0,1,
5LLG,box_center,-6.489,-6.47,0.019,1,
5M78,box_center,-5.998,-6.024,0.026,1,
5OGJ,box_center,-4.834,-4.716,0.118,1,
5VL0,box_center,-5.516,-5.023,0.493,1,
5WA5,box_center,-8.768,-9.399,0.631,1,
5ZJ2,box_center,-5.235,-5.352,0.117,1,
6D1G,box_center,-6.938,-5.737,1.201,1,
6FNM,box_center,-9.883,-9.47,0.413,1,
6FO5,box_center,-7.674,-7.639,0.035,1,
6G6T,box_center,-8.194,-8.197,0.003,1,
6GJL,box_center,-6.354,-6.318,0.036,1,
6GLH,box_center,-6.816,-6.781,0.035,1,
6GS6,box_center,-6.115,-5.98,0.135,1,
6HMB,box_center,-10.43,-10.346,0.084,1,
6HR3,box_center,-6.52,-6.486,0.034,1,
6I1U,box_center,-6.226,-6.239,0.013,1,
6LV1,box_center,-3.934,-3.944,0.01,1,
6Q3Y,box_center,-7.892,-8.912,1.02,1,
6QLN,box_center,-7.099,-7.117,0.018,1,
6QLP,box_center,-7.443,-7.279,0.164,1,
6QLQ,box_center,-6.882,-7.23,0.348,1,
6QLR,box_center,-6.917,-6.958,0.041,1,
6QLT,box_center,-7.474,-7.442,0.032,1,
6QLU,box_center,-7.551,-7.544,0.007,1,
6R6F,box_center,-7.568,-7.62,0.052,1,
6RFH,box_center,-6.498,-6.534,0.036,1,
6RH4,box_center,-4.5,-6.417,1.917,1,
6RIG,box_center,-4.885,-6.129,1.244,1,
6RKN,box_center,-6.282,-6.271,0.011,1,
6RL9,box_center,-6.146,-6.129,0.017,1,
6RRI,box_center,-7.053,-7.046,0.007,1,
6SBH,box_center,-6.829,-6.599,0.23,1,
6SD7,box_center,-7.282,-7.272,0.01,1,
6SG0,box_center,-8.352,-8.321,0.031,1,
6SY3,box_center,-8.515,-8.629,0.114,1,
6T0P,box_center,-8.042,-8.15,0.108,1,
6T5W,box_center,-7.683,-7.613,0.07,1,
6TX7,box_center,-4.849,-4.808,0.041,1,
6U6W,box_center,-8.166,-7.155,1.011,1,
6XXT,box_center,-7.975,-8.077,0.102,1,
6YPW,box_center,-9.297,-9.335,0.038,1,
7AOU,box_center,-6.507,-7.0,0.493,1,
7BHR,box_center,-4.474,-4.765,0.291,1,
7LWE,box_center,-5.906,-5.856,0.05,1,
7MR9,box_center,-9.983,-9.974,0.009,1,
7MRA,box_center,-9.225,-9.16,0.065,1,
7MRB,box_center,-9.722,-9.661,0.061,1,
7Q5V,box_center,-5.502,-5.495,0.007,1,
7QC5,box_center,-5.12,-6.398,1.278,1,
7QGX,box_center,-3.593,-4.569,0.976,1,
7R0L,box_center,-8.294,-8.442,0.148,1,
7RH3,box_center,-5.658,-5.667,0.009,1,
7WDJ,box_center,-6.34,-6.235,0.105,1,
8AEC,box_center,-8.014,-8.025,0.011,1,
8E7U,box_center,-4.624,-4.868,0.244,1,
8GD2,box_center,-9.166,-9.201,0.035,1,
8PBF,box_center,-6.161,-6.169,0.008,1,
8PFF,box_center,-6.699,-6.918,0.219,1,
8Q3U,box_center,-7.619,-7.39,0.229,1,
8QH8,box_center,-7.396,-7.407,0.011,1,
8RJ2,box_center,-7.892,-7.897,0.005,1,
8W45,box_center,-4.722,-6.135,1.413,1,
1LUQ,exhaustiveness,-6.685,-6.737,0.052,1,
2F01,exhaustiveness,-7.439,-7.439,0.0,1,
2GH7,exhaustiveness,-7.454,-7.431,0.023,1,
2PZN,exhaustiveness,-10.307,-9.83,0.477,1,
3RY2,exhaustiveness,-7.377,-7.287,0.09,1,
4PZH,exhaustiveness,-7.634,-7.533,0.101,1,
4QB3,exhaustiveness,-7.6,-7.593,0.007,1,
4WW6,exhaustiveness,-7.481,-7.495,0.014,1,
4X6H,exhaustiveness,-6.114,-6.099,0.015,1,
4YX4,exhaustiveness,-6.158,-6.156,0.002,1,
4YXI,exhaustiveness,-6.584,-6.584,0.0,1,
4YXO,exhaustiveness,-4.025,-4.017,0.008,1,
1LUQ,protonation,-6.685,-7.562,0.877,1,ionizable
2F01,protonation,-7.439,-7.895,0.456,1,ionizable
2GH7,protonation,-7.454,-7.888,0.434,1,ionizable
2HDS,protonation,-7.086,-7.282,0.196,1,ionizable
2PZN,protonation,-10.307,-10.373,0.066,1,ionizable
3F17,protonation,-9.964,-10.163,0.199,1,ionizable
3M0I,protonation,-11.795,-11.952,0.157,1,ionizable
3RY2,protonation,-7.377,-7.825,0.448,1,ionizable
3WZP,protonation,-8.333,-8.145,0.188,1,ionizable
4EZ8,protonation,-7.455,-7.523,0.068,1,ionizable
4M5I,protonation,-9.555,-9.362,0.193,1,ionizable
4M5L,protonation,-9.477,-9.424,0.053,1,ionizable
4PZH,protonation,-7.634,-7.634,0.0,1,no-change
4QB3,protonation,-7.6,-7.6,0.0,1,no-change
4WW6,protonation,-7.481,-7.481,0.0,1,no-change
4X6H,protonation,-6.114,-6.114,0.0,1,no-change
4YX4,protonation,-6.158,-6.158,0.0,1,no-change
4YXI,protonation,-6.584,-6.584,0.0,1,no-change
4YXO,protonation,-4.025,-4.025,0.0,1,no-change
5EP7,protonation,-7.243,-7.008,0.235,1,ionizable
5ETO,protonation,-9.228,-9.295,0.067,1,ionizable
5ETP,protonation,-8.845,-9.288,0.443,1,ionizable
5K1L,protonation,-5.698,-5.651,0.047,1,ionizable
5M78,protonation,-5.998,-5.963,0.035,1,ionizable
5WA5,protonation,-8.915,-8.768,0.147,1,ionizable
5ZJ2,protonation,-5.235,-4.835,0.4,1,ionizable
6D1G,protonation,-6.938,-6.264,0.674,1,ionizable
6FNM,protonation,-9.171,-9.883,0.712,1,ionizable
6GJL,protonation,-6.354,-6.568,0.214,1,ionizable
6GLH,protonation,-6.513,-6.816,0.303,1,ionizable
6HMB,protonation,-10.43,-10.504,0.074,1,ionizable
6LV1,protonation,-3.934,-4.064,0.13,1,ionizable
6Q3Y,protonation,-7.793,-7.892,0.099,1,ionizable
6RFH,protonation,-6.498,-6.603,0.105,1,ionizable
6SG0,protonation,-8.352,-8.576,0.224,1,ionizable
6SY3,protonation,-8.458,-8.515,0.057,1,ionizable
6T0P,protonation,-8.163,-8.042,0.121,1,ionizable
6T5W,protonation,-7.797,-7.683,0.114,1,ionizable
7Q5V,protonation,-5.502,-5.34,0.162,1,ionizable
7R0L,protonation,-8.294,-8.313,0.019,1,ionizable
7WDJ,protonation,-6.34,-6.736,0.396,1,ionizable
8GD2,protonation,-9.388,-9.166,0.222,1,ionizable
8Q3U,protonation,-7.544,-7.619,0.075,1,ionizable
8QH8,protonation,-7.396,-7.584,0.188,1,ionizable
1KT6,identity,-8.427,,0.692,1,ambiguous
1PWL,identity,-12.678,,2.04,0,ambiguous
2F01,identity,-7.439,,0.275,1,ambiguous
2PZN,identity,-10.307,,0.809,1,ambiguous
3F17,identity,-9.964,,0.475,1,ambiguous
3M0I,identity,-11.806,,0.279,1,ambiguous
3SAX,identity,-9.167,,0.905,1,ambiguous
4M5I,identity,-9.362,,0.649,1,ambiguous
4M5L,identity,-9.424,,0.698,1,ambiguous
4NYX,identity,-8.269,,0.494,1,ambiguous
4QB3,identity,-7.6,,0.308,1,ambiguous
4X6H,identity,-6.114,,0.696,1,ambiguous
5ETO,identity,-9.295,,0.598,1,ambiguous
5ETP,identity,-9.288,,1.254,1,ambiguous
5M78,identity,-5.998,,0.151,1,ambiguous
6FO5,identity,-7.674,,0.853,1,ambiguous
6HMB,identity,-10.43,,0.632,1,ambiguous
6QLN,identity,-7.099,,0.343,1,ambiguous
6QLP,identity,-7.443,,0.43,1,ambiguous
6QLQ,identity,-6.882,,0.402,1,ambiguous
6QLR,identity,-6.917,,0.561,1,ambiguous
6RIG,identity,-4.885,,0.205,1,ambiguous
6SY3,identity,-8.515,,0.376,1,ambiguous
7BHR,identity,-4.474,,0.173,1,ambiguous
7RH3,identity,-5.658,,1.749,1,ambiguous
7WDJ,identity,-6.34,,0.307,1,ambiguous
8AEC,identity,-8.014,,0.708,1,ambiguous
8PFF,identity,-6.699,,0.735,1,ambiguous
