complex,parameter,abs_delta
2F01,box_size,0.046
2F01,exhaustiveness,0.0
5MNN,box_size,0.033
5MNN,exhaustiveness,0.033
7WDJ,box_size,0.337
7WDJ,exhaustiveness,0.0
4QB3,box_size,0.07
4QB3,exhaustiveness,0.018
6RH4,box_size,1.971
6RH4,exhaustiveness,0.016
6FO5,box_size,0.762
6FO5,exhaustiveness,0.0
6SBH,box_size,0.086
6SBH,exhaustiveness,0.111
6SY3,box_size,0.04
6SY3,exhaustiveness,0.05
6RKN,box_size,0.095
6RKN,exhaustiveness,0.014
4YXI,box_size,0.004
4YXI,exhaustiveness,0.011
6RFH,box_size,0.277
6RFH,exhaustiveness,0.088
6QLR,box_size,0.026
6QLR,exhaustiveness,0.006
6RIG,box_size,1.573
6RIG,exhaustiveness,0.0
2PZN,box_size,0.126
2PZN,exhaustiveness,0.0
4X6H,box_size,0.095
4X6H,exhaustiveness,0.068
6QLN,box_size,0.041
6QLN,exhaustiveness,0.047
6RL9,box_size,0.0
6RL9,exhaustiveness,0.0
4YX4,box_size,0.005
4YX4,exhaustiveness,0.009
6HR3,box_size,0.025
6HR3,exhaustiveness,0.025
5LL8,box_size,0.003
5LL8,exhaustiveness,0.005
6HMB,box_size,0.126
6HMB,exhaustiveness,0.056
8QH8,box_size,0.021
8QH8,exhaustiveness,0.01
5ETP,box_size,0.011
5ETP,exhaustiveness,0.119
6SD7,box_size,0.021
6SD7,exhaustiveness,0.001
6XXT,box_size,0.048
6XXT,exhaustiveness,0.002
7RH3,box_size,0.002
7RH3,exhaustiveness,0.0
4PZH,box_size,0.01
4PZH,exhaustiveness,0.004
4WW6,box_size,0.023
4WW6,exhaustiveness,0.019
4YXO,box_size,0.6
4YXO,exhaustiveness,0.0
5OGJ,box_size,0.43
5OGJ,exhaustiveness,0.222
3M0I,box_size,0.058
3M0I,exhaustiveness,0.06
4YYT,box_size,0.063
4YYT,exhaustiveness,0.076
5ETO,box_size,0.111
5ETO,exhaustiveness,0.065
5M78,box_size,0.001
5M78,exhaustiveness,0.002
6QLQ,box_size,0.264
6QLQ,exhaustiveness,0.0
4J1P,box_size,0.703
4J1P,exhaustiveness,0.007
4M5I,box_size,0.25
4M5I,exhaustiveness,0.0
5K1L,box_size,0.034
5K1L,exhaustiveness,0.0
6I1U,box_size,0.051
6I1U,exhaustiveness,0.024
7BHR,box_size,0.059
7BHR,exhaustiveness,0.09
8PFF,box_size,0.166
8PFF,exhaustiveness,0.545
6QLP,box_size,0.029
6QLP,exhaustiveness,0.063
8AEC,box_size,0.014
8AEC,exhaustiveness,0.01
4M5L,box_size,0.076
4M5L,exhaustiveness,0.0
