target,ligand,structure,baseline,box25,exh4,abs_delta_box,abs_delta_exh,status
CDK2,HH5,6Q4E,-5.96,-5.963,-5.978,0.003,0.018,ok
CDK2,HHT,6Q4D,-5.333,-5.332,-5.319,0.001,0.014,ok
CDK2,HHB,6Q4J,-8.857,-8.854,-8.857,0.003,0.0,ok
CDK2,HJK,6Q4G,-8.669,-8.815,-8.663,0.146,0.006,ok
MAPK14,0SJ,4EHV,-8.452,-8.462,-8.452,0.01,0.0,ok
CDK2,HGH,6Q4H,-7.907,-7.906,-7.862,0.001,0.045,ok
CDK2,HHW,6Q4K,-5.875,-6.483,-6.249,0.608,0.374,ok
ABL1,PTR,5NP2,-5.101,-4.936,-5.101,0.165,0.0,ok
ABL1,ACE,1BBZ,-1.937,-2.201,-1.94,0.264,0.003,ok
MAPK14,Z83,3LFF,-10.48,-10.549,-10.48,0.069,0.0,ok
MAPK14,LB5,6SFI,,,,,,fail_base
MAPK14,BOG,2FST,-7.061,-7.032,-7.007,0.029,0.054,ok
CDK6,N1J,6OQO,-8.897,-9.087,-8.897,0.19,0.0,ok
ABL1,66K,5HU9,,,,,,fail_base
MAPK1,CME,5WP1,-3.249,-4.157,-3.249,0.908,0.0,ok
MAPK1,N8L,8AOJ,-6.865,-6.861,-6.849,0.004,0.016,ok
ABL1,JIN,2HZI,-13.088,-13.095,-13.096,0.007,0.008,ok
MAPK14,AQY,5WJJ,-12.855,-8.864,-12.855,3.991,0.0,ok
MAPK1,CQ8,4ZZN,-7.571,-7.636,-7.601,0.065,0.03,ok
MAPK14,6GI,8YD9,-10.643,-10.658,-10.329,0.015,0.314,ok
FXa,PTR,9I24,-4.977,-5.014,-4.976,0.037,0.001,ok
MAPK1,38Z,4QTA,,,,,,fail_base
FXa,Q1Z,6YYX,-6.097,-6.11,-6.126,0.013,0.029,ok
BACE1,ZQS,7MYI,-8.509,-8.526,-8.509,0.017,0.0,ok
MAPK1,ANP,2Y9Q,,,,,,fail_base
FXa,XWG,2Y5F,,,,,,fail_base
BACE1,1W0,4L7G,-8.077,-8.082,-8.071,0.005,0.006,ok
MAPK1,LHZ,6SLG,-9.695,-9.665,-9.695,0.03,0.0,ok
BACE1,QKA,6UWP,-8.8,-8.479,-8.489,0.321,0.311,ok
BACE1,B7E,6EJ2,-9.605,-9.589,-9.606,0.016,0.001,ok
FXa,BI7,2JKH,-7.693,-7.694,-7.681,0.001,0.012,ok
BACE1,BUH,6EQM,-10.892,-10.884,-10.871,0.008,0.021,ok
HSP90,6DL,5J2X,-8.808,-8.803,-8.825,0.005,0.017,ok
FXa,FJD,2Y5G,-7.464,-7.499,-7.464,0.035,0.0,ok
FXa,Y5H,2Y5H,-7.349,-7.337,-7.349,0.012,0.0,ok
HSP90,YK9,2YK9,-12.944,-12.699,-12.944,0.245,0.0,ok
HSP90,WHA,3WHA,-9.524,-9.512,-9.524,0.012,0.0,ok
HSP90,ACP,3T10,,,,,,fail_base
ESR1,SG0,8BZC,-4.992,-5.586,-4.992,0.594,0.0,ok
BACE1,QK7,6UWV,-7.848,-7.846,-7.848,0.002,0.0,ok
ESR1,T5Z,7BAA,-5.133,-5.237,-5.133,0.104,0.0,ok
ESR1,SSX,8BZW,-5.125,-5.431,-5.22,0.306,0.095,ok
HSP90,73S,5LRL,-14.504,-14.459,-14.504,0.045,0.0,ok
ESR1,GEH,8C04,-4.425,-4.791,-4.368,0.366,0.057,ok
ESR1,T4Z,7B9T,-5.237,-5.065,-5.237,0.172,0.0,ok
HSP90,9ZC,5XRD,-8.825,-8.787,-8.826,0.038,0.001,ok
ESR1,T4Q,7B9R,-6.645,-6.672,-6.645,0.027,0.0,ok
PDE5A,CIA,1XOZ,-10.675,-10.711,-10.675,0.036,0.0,ok
