claim_id,paper_id,e_class,target_pdb,ligand_name,reported_score,rerun_score,abs_delta,within_1,within_2,status,smiles_source,center_assumed,box_size_assumed,vina_version
5MNN_blind,CASF,,5MNN,MRZ,,,,,,needs_prepped_receptor:5MNN,rcsb_chemcomp,blind,assumed,AutoDock Vina f458505-mod
5MNN_rep,CASF,,5MNN,MRZ,,,,,,needs_prepped_receptor:5MNN,rcsb_chemcomp,,,AutoDock Vina f458505-mod
2F01_rep,CASF,,2F01,BTN,,-7.439,,,,docked,rcsb_chemcomp,,,AutoDock Vina f458505-mod
2F01_blind,CASF,,2F01,BTN,,-6.978,,,,docked,rcsb_chemcomp,blind,assumed,AutoDock Vina f458505-mod
4QB3_rep,CASF,,4QB3,30M,,-7.6,,,,docked,rcsb_chemcomp,,,AutoDock Vina f458505-mod
4QB3_blind,CASF,,4QB3,30M,,-7.552,,,,docked,rcsb_chemcomp,blind,assumed,AutoDock Vina f458505-mod
6RH4_rep,CASF,,6RH4,4NZ,,-4.5,,,,docked,rcsb_chemcomp,,,AutoDock Vina f458505-mod
7WDJ_rep,CASF,,7WDJ,EIC,,-6.34,,,,docked,rcsb_chemcomp,,,AutoDock Vina f458505-mod
7WDJ_blind,CASF,,7WDJ,EIC,,-6.235,,,,docked,rcsb_chemcomp,blind,assumed,AutoDock Vina f458505-mod
6RH4_blind,CASF,,6RH4,4NZ,,-6.417,,,,docked,rcsb_chemcomp,blind,assumed,AutoDock Vina f458505-mod
6SBH_rep,CASF,,6SBH,L4K,,-6.829,,,,docked,rcsb_chemcomp,,,AutoDock Vina f458505-mod
6SBH_blind,CASF,,6SBH,L4K,,-6.599,,,,docked,rcsb_chemcomp,blind,assumed,AutoDock Vina f458505-mod
6SY3_rep,CASF,,6SY3,LXW,,-8.515,,,,docked,rcsb_chemcomp,,,AutoDock Vina f458505-mod
6RKN_rep,CASF,,6RKN,FBS,,-6.282,,,,docked,rcsb_chemcomp,,,AutoDock Vina f458505-mod
6RKN_blind,CASF,,6RKN,FBS,,-6.271,,,,docked,rcsb_chemcomp,blind,assumed,AutoDock Vina f458505-mod
4YXI_rep,CASF,,4YXI,4J8,,-6.584,,,,docked,rcsb_chemcomp,,,AutoDock Vina f458505-mod
4YXI_blind,CASF,,4YXI,4J8,,-6.592,,,,docked,rcsb_chemcomp,blind,assumed,AutoDock Vina f458505-mod
6RFH_rep,CASF,,6RFH,4SO,,-6.498,,,,docked,rcsb_chemcomp,,,AutoDock Vina f458505-mod
6RFH_blind,CASF,,6RFH,4SO,,-6.534,,,,docked,rcsb_chemcomp,blind,assumed,AutoDock Vina f458505-mod
6SY3_blind,CASF,,6SY3,LXW,,-8.629,,,,docked,rcsb_chemcomp,blind,assumed,AutoDock Vina f458505-mod
6FO5_rep,CASF,,6FO5,DZH,,-7.674,,,,docked,rcsb_chemcomp,,,AutoDock Vina f458505-mod
6TD0_rep,CASF,,6TD0,4D6,,,,,,dock_no_pose,rcsb_chemcomp,,,AutoDock Vina f458505-mod
6TD0_blind,CASF,,6TD0,4D6,,,,,,dock_no_pose,rcsb_chemcomp,blind,assumed,AutoDock Vina f458505-mod
6RIG_rep,CASF,,6RIG,K4N,,-4.885,,,,docked,rcsb_chemcomp,,,AutoDock Vina f458505-mod
6RIG_blind,CASF,,6RIG,K4N,,-6.129,,,,docked,rcsb_chemcomp,blind,assumed,AutoDock Vina f458505-mod
6FO5_blind,CASF,,6FO5,DZH,,-7.639,,,,docked,rcsb_chemcomp,blind,assumed,AutoDock Vina f458505-mod
6QLR_rep,CASF,,6QLR,J4N,,-6.917,,,,docked,rcsb_chemcomp,,,AutoDock Vina f458505-mod
6QLR_blind,CASF,,6QLR,J4N,,-6.958,,,,docked,rcsb_chemcomp,blind,assumed,AutoDock Vina f458505-mod
2PZN_blind,CASF,,2PZN,393,,-9.826,,,,docked,rcsb_chemcomp,blind,assumed,AutoDock Vina f458505-mod
2PZN_rep,CASF,,2PZN,393,,-10.307,,,,docked,rcsb_chemcomp,,,AutoDock Vina f458505-mod
4X6H_rep,CASF,,4X6H,I37,,-6.114,,,,docked,rcsb_chemcomp,,,AutoDock Vina f458505-mod
6RL9_rep,CASF,,6RL9,SAN,,-6.146,,,,docked,rcsb_chemcomp,,,AutoDock Vina f458505-mod
4X6H_blind,CASF,,4X6H,I37,,-6.292,,,,docked,rcsb_chemcomp,blind,assumed,AutoDock Vina f458505-mod
6RL9_blind,CASF,,6RL9,SAN,,-6.129,,,,docked,rcsb_chemcomp,blind,assumed,AutoDock Vina f458505-mod
4YX4_rep,CASF,,4YX4,FB2,,-6.158,,,,docked,rcsb_chemcomp,,,AutoDock Vina f458505-mod
4YX4_blind,CASF,,4YX4,FB2,,-6.183,,,,docked,rcsb_chemcomp,blind,assumed,AutoDock Vina f458505-mod
6HR3_rep,CASF,,6HR3,4JE,,-6.52,,,,docked,rcsb_chemcomp,,,AutoDock Vina f458505-mod
6HR3_blind,CASF,,6HR3,4JE,,-6.486,,,,docked,rcsb_chemcomp,blind,assumed,AutoDock Vina f458505-mod
5LL8_rep,CASF,,5LL8,6YP,,-6.909,,,,docked,rcsb_chemcomp,,,AutoDock Vina f458505-mod
6QLN_rep,CASF,,6QLN,J5Q,,-7.099,,,,docked,rcsb_chemcomp,,,AutoDock Vina f458505-mod
5LL8_blind,CASF,,5LL8,6YP,,-6.913,,,,docked,rcsb_chemcomp,blind,assumed,AutoDock Vina f458505-mod
6QLN_blind,CASF,,6QLN,J5Q,,-7.117,,,,docked,rcsb_chemcomp,blind,assumed,AutoDock Vina f458505-mod
8QH8_rep,CASF,,8QH8,V8I,,-7.396,,,,docked,rcsb_chemcomp,,,AutoDock Vina f458505-mod
6HMB_rep,CASF,,6HMB,3NG,,-10.43,,,,docked,rcsb_chemcomp,,,AutoDock Vina f458505-mod
8QH8_blind,CASF,,8QH8,V8I,,-7.407,,,,docked,rcsb_chemcomp,blind,assumed,AutoDock Vina f458505-mod
6HMB_blind,CASF,,6HMB,3NG,,-10.346,,,,docked,rcsb_chemcomp,blind,assumed,AutoDock Vina f458505-mod
6SD7_rep,CASF,,6SD7,L7T,,-7.282,,,,docked,rcsb_chemcomp,,,AutoDock Vina f458505-mod
6SD7_blind,CASF,,6SD7,L7T,,-7.272,,,,docked,rcsb_chemcomp,blind,assumed,AutoDock Vina f458505-mod
5ETP_blind,CASF,,5ETP,5RZ,,-9.302,,,,docked,rcsb_chemcomp,blind,assumed,AutoDock Vina f458505-mod
5ETP_rep,CASF,,5ETP,5RZ,,-9.288,,,,docked,rcsb_chemcomp,,,AutoDock Vina f458505-mod
6XXT_rep,CASF,,6XXT,O42,,-7.975,,,,docked,rcsb_chemcomp,,,AutoDock Vina f458505-mod
6XXT_blind,CASF,,6XXT,O42,,-8.077,,,,docked,rcsb_chemcomp,blind,assumed,AutoDock Vina f458505-mod
4PZH_rep,CASF,,4PZH,V13,,-7.634,,,,docked,rcsb_chemcomp,,,AutoDock Vina f458505-mod
4PZH_blind,CASF,,4PZH,V13,,-7.522,,,,docked,rcsb_chemcomp,blind,assumed,AutoDock Vina f458505-mod
4WW6_rep,CASF,,4WW6,3TV,,-7.481,,,,docked,rcsb_chemcomp,,,AutoDock Vina f458505-mod
4WW6_blind,CASF,,4WW6,3TV,,-7.511,,,,docked,rcsb_chemcomp,blind,assumed,AutoDock Vina f458505-mod
4YXO_rep,CASF,,4YXO,4JC,,-4.025,,,,docked,rcsb_chemcomp,,,AutoDock Vina f458505-mod
4YXO_blind,CASF,,4YXO,4JC,,-6.555,,,,docked,rcsb_chemcomp,blind,assumed,AutoDock Vina f458505-mod
7RH3_rep,CASF,,7RH3,59O,,-5.658,,,,docked,rcsb_chemcomp,,,AutoDock Vina f458505-mod
7RH3_blind,CASF,,7RH3,59O,,-5.667,,,,docked,rcsb_chemcomp,blind,assumed,AutoDock Vina f458505-mod
3M0I_rep,CASF,,3M0I,ZST,,-11.806,,,,docked,rcsb_chemcomp,,,AutoDock Vina f458505-mod
3M0I_blind,CASF,,3M0I,ZST,,-10.76,,,,docked,rcsb_chemcomp,blind,assumed,AutoDock Vina f458505-mod
4YYT_rep,CASF,,4YYT,S2O,,-6.362,,,,docked,rcsb_chemcomp,,,AutoDock Vina f458505-mod
4YYT_blind,CASF,,4YYT,S2O,,-6.321,,,,docked,rcsb_chemcomp,blind,assumed,AutoDock Vina f458505-mod
5ETO_rep,CASF,,5ETO,5RY,,-9.295,,,,docked,rcsb_chemcomp,,,AutoDock Vina f458505-mod
5OGJ_rep,CASF,,5OGJ,V90,,-4.834,,,,docked,rcsb_chemcomp,,,AutoDock Vina f458505-mod
5M78_rep,CASF,,5M78,SAL,,-5.998,,,,docked,rcsb_chemcomp,,,AutoDock Vina f458505-mod
5ETO_blind,CASF,,5ETO,5RY,,-9.293,,,,docked,rcsb_chemcomp,blind,assumed,AutoDock Vina f458505-mod
5M78_blind,CASF,,5M78,SAL,,-6.024,,,,docked,rcsb_chemcomp,blind,assumed,AutoDock Vina f458505-mod
4J1P_rep,CASF,,4J1P,1K0,,,,,,needs_prepped_receptor:4J1P,rcsb_chemcomp,,,AutoDock Vina f458505-mod
4J1P_blind,CASF,,4J1P,1K0,,,,,,needs_prepped_receptor:4J1P,rcsb_chemcomp,blind,assumed,AutoDock Vina f458505-mod
5OGJ_blind,CASF,,5OGJ,V90,,-4.716,,,,docked,rcsb_chemcomp,blind,assumed,AutoDock Vina f458505-mod
4M5I_rep,CASF,,4M5I,YH6,,-9.362,,,,docked,rcsb_chemcomp,,,AutoDock Vina f458505-mod
4M5I_blind,CASF,,4M5I,YH6,,-9.918,,,,docked,rcsb_chemcomp,blind,assumed,AutoDock Vina f458505-mod
5K1L_rep,CASF,,5K1L,BZI,,-5.651,,,,docked,rcsb_chemcomp,,,AutoDock Vina f458505-mod
5K1L_blind,CASF,,5K1L,BZI,,-5.375,,,,docked,rcsb_chemcomp,blind,assumed,AutoDock Vina f458505-mod
6I1U_rep,CASF,,6I1U,3W8,,-6.226,,,,docked,rcsb_chemcomp,,,AutoDock Vina f458505-mod
6I1U_blind,CASF,,6I1U,3W8,,-6.239,,,,docked,rcsb_chemcomp,blind,assumed,AutoDock Vina f458505-mod
7BHR_rep,CASF,,7BHR,TQE,,-4.474,,,,docked,rcsb_chemcomp,,,AutoDock Vina f458505-mod
7BHR_blind,CASF,,7BHR,TQE,,-4.765,,,,docked,rcsb_chemcomp,blind,assumed,AutoDock Vina f458505-mod
6QLQ_rep,CASF,,6QLQ,J4E,,-6.882,,,,docked,rcsb_chemcomp,,,AutoDock Vina f458505-mod
6QLQ_blind,CASF,,6QLQ,J4E,,-7.23,,,,docked,rcsb_chemcomp,blind,assumed,AutoDock Vina f458505-mod
6QLP_rep,CASF,,6QLP,J3Q,,-7.443,,,,docked,rcsb_chemcomp,,,AutoDock Vina f458505-mod
6QLP_blind,CASF,,6QLP,J3Q,,-7.279,,,,docked,rcsb_chemcomp,blind,assumed,AutoDock Vina f458505-mod
8AEC_rep,CASF,,8AEC,LW3,,-8.014,,,,docked,rcsb_chemcomp,,,AutoDock Vina f458505-mod
8AEC_blind,CASF,,8AEC,LW3,,-8.025,,,,docked,rcsb_chemcomp,blind,assumed,AutoDock Vina f458505-mod
4M5L_rep,CASF,,4M5L,YH4,,-9.424,,,,docked,rcsb_chemcomp,,,AutoDock Vina f458505-mod
6RRI_rep,CASF,,6RRI,KFH,,-7.053,,,,docked,rcsb_chemcomp,,,AutoDock Vina f458505-mod
4M5L_blind,CASF,,4M5L,YH4,,-9.79,,,,docked,rcsb_chemcomp,blind,assumed,AutoDock Vina f458505-mod
6RRI_blind,CASF,,6RRI,KFH,,-7.046,,,,docked,rcsb_chemcomp,blind,assumed,AutoDock Vina f458505-mod
8PFF_rep,CASF,,8PFF,YJF,,-6.699,,,,docked,rcsb_chemcomp,,,AutoDock Vina f458505-mod
1KT6_rep,CASF,,1KT6,RTL,,-8.427,,,,docked,rcsb_chemcomp,,,AutoDock Vina f458505-mod
8PFF_blind,CASF,,8PFF,YJF,,-6.918,,,,docked,rcsb_chemcomp,blind,assumed,AutoDock Vina f458505-mod
1KT6_blind,CASF,,1KT6,RTL,,-8.461,,,,docked,rcsb_chemcomp,blind,assumed,AutoDock Vina f458505-mod
1PWL_rep,CASF,,1PWL,BFI,,-12.678,,,,docked,rcsb_chemcomp,,,AutoDock Vina f458505-mod
1PWL_blind,CASF,,1PWL,BFI,,-9.335,,,,docked,rcsb_chemcomp,blind,assumed,AutoDock Vina f458505-mod
3F17_rep,CASF,,3F17,HS4,,-9.964,,,,docked,rcsb_chemcomp,,,AutoDock Vina f458505-mod
3F17_blind,CASF,,3F17,HS4,,-10.082,,,,docked,rcsb_chemcomp,blind,assumed,AutoDock Vina f458505-mod
3SAX_blind,CASF,,3SAX,E50,,-9.203,,,,docked,rcsb_chemcomp,blind,assumed,AutoDock Vina f458505-mod
3SAX_rep,CASF,,3SAX,E50,,-9.167,,,,docked,rcsb_chemcomp,,,AutoDock Vina f458505-mod
4WL4_rep,CASF,,4WL4,FC5,,-6.418,,,,docked,rcsb_chemcomp,,,AutoDock Vina f458505-mod
4WL4_blind,CASF,,4WL4,FC5,,-6.422,,,,docked,rcsb_chemcomp,blind,assumed,AutoDock Vina f458505-mod
4NYX_rep,CASF,,4NYX,2O4,,-8.269,,,,docked,rcsb_chemcomp,,,AutoDock Vina f458505-mod
5LLC_blind,CASF,,5LLC,V26,,-8.834,,,,docked,rcsb_chemcomp,blind,assumed,AutoDock Vina f458505-mod
4NYX_blind,CASF,,4NYX,2O4,,-8.132,,,,docked,rcsb_chemcomp,blind,assumed,AutoDock Vina f458505-mod
5LLC_rep,CASF,,5LLC,V26,,-8.834,,,,docked,rcsb_chemcomp,,,AutoDock Vina f458505-mod
5ZJ2_rep,CASF,,5ZJ2,MCO,,-5.235,,,,docked,rcsb_chemcomp,,,AutoDock Vina f458505-mod
5ZJ2_blind,CASF,,5ZJ2,MCO,,-5.352,,,,docked,rcsb_chemcomp,blind,assumed,AutoDock Vina f458505-mod
6QLU_rep,CASF,,6QLU,J62,,-7.551,,,,docked,rcsb_chemcomp,,,AutoDock Vina f458505-mod
6QLU_blind,CASF,,6QLU,J62,,-7.544,,,,docked,rcsb_chemcomp,blind,assumed,AutoDock Vina f458505-mod
6YPW_rep,CASF,,6YPW,P75,,-9.297,,,,docked,rcsb_chemcomp,,,AutoDock Vina f458505-mod
6YPW_blind,CASF,,6YPW,P75,,-9.335,,,,docked,rcsb_chemcomp,blind,assumed,AutoDock Vina f458505-mod
8Q3U_rep,CASF,,8Q3U,J8I,,-7.619,,,,docked,rcsb_chemcomp,,,AutoDock Vina f458505-mod
8W45_rep,CASF,,8W45,8KZ,,-4.722,,,,docked,rcsb_chemcomp,,,AutoDock Vina f458505-mod
8Q3U_blind,CASF,,8Q3U,J8I,,-7.39,,,,docked,rcsb_chemcomp,blind,assumed,AutoDock Vina f458505-mod
4MRH_rep,CASF,,4MRH,2CQ,,-4.84,,,,docked,rcsb_chemcomp,,,AutoDock Vina f458505-mod
8W45_blind,CASF,,8W45,8KZ,,-6.135,,,,docked,rcsb_chemcomp,blind,assumed,AutoDock Vina f458505-mod
4MRH_blind,CASF,,4MRH,2CQ,,-4.809,,,,docked,rcsb_chemcomp,blind,assumed,AutoDock Vina f458505-mod
4QXV_rep,CASF,,4QXV,LU2,,-5.492,,,,docked,rcsb_chemcomp,,,AutoDock Vina f458505-mod
4QXV_blind,CASF,,4QXV,LU2,,-5.946,,,,docked,rcsb_chemcomp,blind,assumed,AutoDock Vina f458505-mod
5LL4_rep,CASF,,5LL4,6YH,,-9.125,,,,docked,rcsb_chemcomp,,,AutoDock Vina f458505-mod
5LL4_blind,CASF,,5LL4,6YH,,-8.118,,,,docked,rcsb_chemcomp,blind,assumed,AutoDock Vina f458505-mod
5LLG_rep,CASF,,5LLG,VD9,,-6.489,,,,docked,rcsb_chemcomp,,,AutoDock Vina f458505-mod
5LLG_blind,CASF,,5LLG,VD9,,-6.47,,,,docked,rcsb_chemcomp,blind,assumed,AutoDock Vina f458505-mod
6G6T_rep,CASF,,6G6T,ENN,,-8.194,,,,docked,rcsb_chemcomp,,,AutoDock Vina f458505-mod
6G6T_blind,CASF,,6G6T,ENN,,-8.197,,,,docked,rcsb_chemcomp,blind,assumed,AutoDock Vina f458505-mod
8RJ2_blind,CASF,,8RJ2,YNF,,-7.897,,,,docked,rcsb_chemcomp,blind,assumed,AutoDock Vina f458505-mod
4UD9_rep,CASF,,4UD9,FQI,,,,,,needs_prepped_receptor:4UD9,rcsb_chemcomp,,,AutoDock Vina f458505-mod
4UD9_blind,CASF,,4UD9,FQI,,,,,,needs_prepped_receptor:4UD9,rcsb_chemcomp,blind,assumed,AutoDock Vina f458505-mod
8RJ2_rep,CASF,,8RJ2,YNF,,-7.892,,,,docked,rcsb_chemcomp,,,AutoDock Vina f458505-mod
1N8K_rep,CASF,,1N8K,PZO,,-3.4,,,,docked,rcsb_chemcomp,,,AutoDock Vina f458505-mod
1N8K_blind,CASF,,1N8K,PZO,,-3.248,,,,docked,rcsb_chemcomp,blind,assumed,AutoDock Vina f458505-mod
6SG0_rep,CASF,,6SG0,FUN,,-8.352,,,,docked,rcsb_chemcomp,,,AutoDock Vina f458505-mod
6SG0_blind,CASF,,6SG0,FUN,,-8.321,,,,docked,rcsb_chemcomp,blind,assumed,AutoDock Vina f458505-mod
6T5W_rep,CASF,,6T5W,J5K,,-7.683,,,,docked,rcsb_chemcomp,,,AutoDock Vina f458505-mod
6TX7_rep,CASF,,6TX7,V1L,,-4.849,,,,docked,rcsb_chemcomp,,,AutoDock Vina f458505-mod
6TX7_blind,CASF,,6TX7,V1L,,-4.808,,,,docked,rcsb_chemcomp,blind,assumed,AutoDock Vina f458505-mod
6T5W_blind,CASF,,6T5W,J5K,,-7.613,,,,docked,rcsb_chemcomp,blind,assumed,AutoDock Vina f458505-mod
8GD2_rep,CASF,,8GD2,Z5H,,-9.166,,,,docked,rcsb_chemcomp,,,AutoDock Vina f458505-mod
4RUX_rep,CASF,,4RUX,3W3,,-6.701,,,,docked,rcsb_chemcomp,,,AutoDock Vina f458505-mod
4RUX_blind,CASF,,4RUX,3W3,,-6.566,,,,docked,rcsb_chemcomp,blind,assumed,AutoDock Vina f458505-mod
8GD2_blind,CASF,,8GD2,Z5H,,-9.201,,,,docked,rcsb_chemcomp,blind,assumed,AutoDock Vina f458505-mod
4RUY_rep,CASF,,4RUY,3W6,,-6.684,,,,docked,rcsb_chemcomp,,,AutoDock Vina f458505-mod
4RUY_blind,CASF,,4RUY,3W6,,-6.586,,,,docked,rcsb_chemcomp,blind,assumed,AutoDock Vina f458505-mod
7R0L_rep,CASF,,7R0L,GY1,,-8.294,,,,docked,rcsb_chemcomp,,,AutoDock Vina f458505-mod
8PBF_rep,CASF,,8PBF,Y58,,-6.161,,,,docked,rcsb_chemcomp,,,AutoDock Vina f458505-mod
5C5A_rep,CASF,,5C5A,NUT,,-8.754,,,,docked,rcsb_chemcomp,,,AutoDock Vina f458505-mod
8PBF_blind,CASF,,8PBF,Y58,,-6.169,,,,docked,rcsb_chemcomp,blind,assumed,AutoDock Vina f458505-mod
4D7B_rep,CASF,,4D7B,TCW,,-5.973,,,,docked,rcsb_chemcomp,,,AutoDock Vina f458505-mod
4D7B_blind,CASF,,4D7B,TCW,,-6.354,,,,docked,rcsb_chemcomp,blind,assumed,AutoDock Vina f458505-mod
6D1G_rep,CASF,,6D1G,YKG,,-6.938,,,,docked,rcsb_chemcomp,,,AutoDock Vina f458505-mod
6D1G_blind,CASF,,6D1G,YKG,,-5.737,,,,docked,rcsb_chemcomp,blind,assumed,AutoDock Vina f458505-mod
6QLT_rep,CASF,,6QLT,J5W,,-7.474,,,,docked,rcsb_chemcomp,,,AutoDock Vina f458505-mod
6QLT_blind,CASF,,6QLT,J5W,,-7.442,,,,docked,rcsb_chemcomp,blind,assumed,AutoDock Vina f458505-mod
7R0L_blind,CASF,,7R0L,GY1,,-8.442,,,,docked,rcsb_chemcomp,blind,assumed,AutoDock Vina f458505-mod
5C5A_blind,CASF,,5C5A,NUT,,-8.827,,,,docked,rcsb_chemcomp,blind,assumed,AutoDock Vina f458505-mod
2HDS_rep,CASF,,2HDS,4MB,,-7.086,,,,docked,rcsb_chemcomp,,,AutoDock Vina f458505-mod
4UDW_rep,CASF,,4UDW,N6L,,,,,,needs_prepped_receptor:4UDW,rcsb_chemcomp,,,AutoDock Vina f458505-mod
4UDW_blind,CASF,,4UDW,N6L,,,,,,needs_prepped_receptor:4UDW,rcsb_chemcomp,blind,assumed,AutoDock Vina f458505-mod
2HDS_blind,CASF,,2HDS,4MB,,-5.977,,,,docked,rcsb_chemcomp,blind,assumed,AutoDock Vina f458505-mod
6FNM_rep,CASF,,6FNM,1N1,,-9.883,,,,docked,rcsb_chemcomp,,,AutoDock Vina f458505-mod
6FNM_blind,CASF,,6FNM,1N1,,-9.47,,,,docked,rcsb_chemcomp,blind,assumed,AutoDock Vina f458505-mod
5ANV_blind,CASF,,5ANV,RGJ,,-9.787,,,,docked,rcsb_chemcomp,blind,assumed,AutoDock Vina f458505-mod
5ANV_rep,CASF,,5ANV,RGJ,,-9.834,,,,docked,rcsb_chemcomp,,,AutoDock Vina f458505-mod
6GS6_rep,CASF,,6GS6,EA4,,-6.115,,,,docked,rcsb_chemcomp,,,AutoDock Vina f458505-mod
6GS6_blind,CASF,,6GS6,EA4,,-5.98,,,,docked,rcsb_chemcomp,blind,assumed,AutoDock Vina f458505-mod
6GJL_rep,CASF,,6GJL,F1Q,,-6.354,,,,docked,rcsb_chemcomp,,,AutoDock Vina f458505-mod
6GJL_blind,CASF,,6GJL,F1Q,,-6.318,,,,docked,rcsb_chemcomp,blind,assumed,AutoDock Vina f458505-mod
7MRA_rep,CASF,,7MRA,ZMJ,,-9.225,,,,docked,rcsb_chemcomp,,,AutoDock Vina f458505-mod
7MRA_blind,CASF,,7MRA,ZMJ,,-9.16,,,,docked,rcsb_chemcomp,blind,assumed,AutoDock Vina f458505-mod
4EZ8_rep,CASF,,4EZ8,NOH,,-7.455,,,,docked,rcsb_chemcomp,,,AutoDock Vina f458505-mod
7LWE_rep,CASF,,7LWE,YND,,-5.906,,,,docked,rcsb_chemcomp,,,AutoDock Vina f458505-mod
4EZ8_blind,CASF,,4EZ8,NOH,,-7.451,,,,docked,rcsb_chemcomp,blind,assumed,AutoDock Vina f458505-mod
7Q5V_rep,CASF,,7Q5V,OGA,,-5.502,,,,docked,rcsb_chemcomp,,,AutoDock Vina f458505-mod
7LWE_blind,CASF,,7LWE,YND,,-5.856,,,,docked,rcsb_chemcomp,blind,assumed,AutoDock Vina f458505-mod
7Q5V_blind,CASF,,7Q5V,OGA,,-5.495,,,,docked,rcsb_chemcomp,blind,assumed,AutoDock Vina f458505-mod
5WA5_rep,CASF,,5WA5,4K4,,-8.768,,,,docked,rcsb_chemcomp,,,AutoDock Vina f458505-mod
5AF9_rep,CASF,,5AF9,SJR,,,,,,needs_prepped_receptor:5AF9,rcsb_chemcomp,,,AutoDock Vina f458505-mod
5AF9_blind,CASF,,5AF9,SJR,,,,,,needs_prepped_receptor:5AF9,rcsb_chemcomp,blind,assumed,AutoDock Vina f458505-mod
6QLO_rep,CASF,,6QLO,J5E,,,,,,needs_prepped_receptor:6QLO,rcsb_chemcomp,,,AutoDock Vina f458505-mod
6QLO_blind,CASF,,6QLO,J5E,,,,,,needs_prepped_receptor:6QLO,rcsb_chemcomp,blind,assumed,AutoDock Vina f458505-mod
5WA5_blind,CASF,,5WA5,4K4,,-9.399,,,,docked,rcsb_chemcomp,blind,assumed,AutoDock Vina f458505-mod
6T0P_rep,CASF,,6T0P,M6Q,,-8.042,,,,docked,rcsb_chemcomp,,,AutoDock Vina f458505-mod
7MR9_rep,CASF,,7MR9,ZMM,,-9.983,,,,docked,rcsb_chemcomp,,,AutoDock Vina f458505-mod
6T0P_blind,CASF,,6T0P,M6Q,,-8.15,,,,docked,rcsb_chemcomp,blind,assumed,AutoDock Vina f458505-mod
7QGX_rep,CASF,,7QGX,MLI,,-3.593,,,,docked,rcsb_chemcomp,,,AutoDock Vina f458505-mod
7QGX_blind,CASF,,7QGX,MLI,,-4.569,,,,docked,rcsb_chemcomp,blind,assumed,AutoDock Vina f458505-mod
8E7U_rep,CASF,,8E7U,CXF,,-4.624,,,,docked,rcsb_chemcomp,,,AutoDock Vina f458505-mod
7MR9_blind,CASF,,7MR9,ZMM,,-9.974,,,,docked,rcsb_chemcomp,blind,assumed,AutoDock Vina f458505-mod
8W48_rep,CASF,,8W48,PIT,,,,,,needs_prepped_receptor:8W48,rcsb_chemcomp,,,AutoDock Vina f458505-mod
8W48_blind,CASF,,8W48,PIT,,,,,,needs_prepped_receptor:8W48,rcsb_chemcomp,blind,assumed,AutoDock Vina f458505-mod
8E7U_blind,CASF,,8E7U,CXF,,-4.868,,,,docked,rcsb_chemcomp,blind,assumed,AutoDock Vina f458505-mod
5EP7_rep,CASF,,5EP7,5QR,,-7.243,,,,docked,rcsb_chemcomp,,,AutoDock Vina f458505-mod
2JHG_rep,CASF,,2JHG,IBO,,-3.743,,,,docked,rcsb_chemcomp,,,AutoDock Vina f458505-mod
5EP7_blind,CASF,,5EP7,5QR,,-7.235,,,,docked,rcsb_chemcomp,blind,assumed,AutoDock Vina f458505-mod
2JHG_blind,CASF,,2JHG,IBO,,-3.914,,,,docked,rcsb_chemcomp,blind,assumed,AutoDock Vina f458505-mod
3WZP_rep,CASF,,3WZP,ZOF,,-8.236,,,,docked,rcsb_chemcomp,,,AutoDock Vina f458505-mod
3WZP_blind,CASF,,3WZP,ZOF,,-8.283,,,,docked,rcsb_chemcomp,blind,assumed,AutoDock Vina f458505-mod
7AOU_rep,CASF,,7AOU,RTT,,-6.507,,,,docked,rcsb_chemcomp,,,AutoDock Vina f458505-mod
4NUD_rep,CASF,,4NUD,NUD,,-7.579,,,,docked,rcsb_chemcomp,,,AutoDock Vina f458505-mod
7AOU_blind,CASF,,7AOU,RTT,,-7.0,,,,docked,rcsb_chemcomp,blind,assumed,AutoDock Vina f458505-mod
5VL0_rep,CASF,,5VL0,BNF,,-5.516,,,,docked,rcsb_chemcomp,,,AutoDock Vina f458505-mod
4BLJ_rep,CASF,,4BLJ,70B,,-6.76,,,,docked,rcsb_chemcomp,,,AutoDock Vina f458505-mod
5VL0_blind,CASF,,5VL0,BNF,,-5.023,,,,docked,rcsb_chemcomp,blind,assumed,AutoDock Vina f458505-mod
6LV1_rep,CASF,,6LV1,BCT,,-3.934,,,,docked,rcsb_chemcomp,,,AutoDock Vina f458505-mod
6LV1_blind,CASF,,6LV1,BCT,,-3.944,,,,docked,rcsb_chemcomp,blind,assumed,AutoDock Vina f458505-mod
4BLJ_blind,CASF,,4BLJ,70B,,-6.975,,,,docked,rcsb_chemcomp,blind,assumed,AutoDock Vina f458505-mod
4NUD_blind,CASF,,4NUD,NUD,,-5.861,,,,docked,rcsb_chemcomp,blind,assumed,AutoDock Vina f458505-mod
6R6F_rep,CASF,,6R6F,EA3,,-7.568,,,,docked,rcsb_chemcomp,,,AutoDock Vina f458505-mod
6R6F_blind,CASF,,6R6F,EA3,,-7.62,,,,docked,rcsb_chemcomp,blind,assumed,AutoDock Vina f458505-mod
6U6W_rep,CASF,,6U6W,Q0Y,,-8.166,,,,docked,rcsb_chemcomp,,,AutoDock Vina f458505-mod
6Q3Y_rep,CASF,,6Q3Y,HG5,,-7.892,,,,docked,rcsb_chemcomp,,,AutoDock Vina f458505-mod
6U6W_blind,CASF,,6U6W,Q0Y,,-7.155,,,,docked,rcsb_chemcomp,blind,assumed,AutoDock Vina f458505-mod
6Q3Y_blind,CASF,,6Q3Y,HG5,,-8.912,,,,docked,rcsb_chemcomp,blind,assumed,AutoDock Vina f458505-mod
7QC5_rep,CASF,,7QC5,AQI,,-5.12,,,,docked,rcsb_chemcomp,,,AutoDock Vina f458505-mod
6GLH_rep,CASF,,6GLH,BU8,,-6.816,,,,docked,rcsb_chemcomp,,,AutoDock Vina f458505-mod
7QC5_blind,CASF,,7QC5,AQI,,-6.398,,,,docked,rcsb_chemcomp,blind,assumed,AutoDock Vina f458505-mod
6GLH_blind,CASF,,6GLH,BU8,,-6.781,,,,docked,rcsb_chemcomp,blind,assumed,AutoDock Vina f458505-mod
7MRB_rep,CASF,,7MRB,N49,,-9.722,,,,docked,rcsb_chemcomp,,,AutoDock Vina f458505-mod
2F01_pH2,CASF,,2F01,BTN_pH2,,-7.439,,,,docked,obabel_ph,,,AutoDock Vina f458505-mod
2F01_pH10,CASF,,2F01,BTN_pH10,,-7.895,,,,docked,obabel_ph,,,AutoDock Vina f458505-mod
7MRB_blind,CASF,,7MRB,N49,,-9.661,,,,docked,rcsb_chemcomp,blind,assumed,AutoDock Vina f458505-mod
7WDJ_pH10,CASF,,7WDJ,EIC_pH10,,-6.736,,,,docked,obabel_ph,,,AutoDock Vina f458505-mod
7WDJ_pH2,CASF,,7WDJ,EIC_pH2,,-6.34,,,,docked,obabel_ph,,,AutoDock Vina f458505-mod
6RFH_pH2,CASF,,6RFH,4SO_pH2,,-6.498,,,,docked,obabel_ph,,,AutoDock Vina f458505-mod
6RFH_pH10,CASF,,6RFH,4SO_pH10,,-6.603,,,,docked,obabel_ph,,,AutoDock Vina f458505-mod
6TD0_pH10,CASF,,6TD0,4D6_pH10,,,,,,dock_no_pose,obabel_ph,,,AutoDock Vina f458505-mod
6TD0_pH2,CASF,,6TD0,4D6_pH2,,,,,,dock_no_pose,obabel_ph,,,AutoDock Vina f458505-mod
6SY3_pH2,CASF,,6SY3,LXW_pH2,,-8.458,,,,docked,obabel_ph,,,AutoDock Vina f458505-mod
2PZN_pH10,CASF,,2PZN,393_pH10,,-10.373,,,,docked,obabel_ph,,,AutoDock Vina f458505-mod
6SY3_pH10,CASF,,6SY3,LXW_pH10,,-8.515,,,,docked,obabel_ph,,,AutoDock Vina f458505-mod
2PZN_pH2,CASF,,2PZN,393_pH2,,-10.307,,,,docked,obabel_ph,,,AutoDock Vina f458505-mod
6HMB_pH2,CASF,,6HMB,3NG_pH2,,-10.43,,,,docked,obabel_ph,,,AutoDock Vina f458505-mod
8QH8_pH10,CASF,,8QH8,V8I_pH10,,-7.584,,,,docked,obabel_ph,,,AutoDock Vina f458505-mod
8QH8_pH2,CASF,,8QH8,V8I_pH2,,-7.396,,,,docked,obabel_ph,,,AutoDock Vina f458505-mod
6HMB_pH10,CASF,,6HMB,3NG_pH10,,-10.504,,,,docked,obabel_ph,,,AutoDock Vina f458505-mod
5ETP_pH2,CASF,,5ETP,5RZ_pH2,,-8.845,,,,docked,obabel_ph,,,AutoDock Vina f458505-mod
5ETP_pH10,CASF,,5ETP,5RZ_pH10,,-9.288,,,,docked,obabel_ph,,,AutoDock Vina f458505-mod
3M0I_pH2,CASF,,3M0I,ZST_pH2,,-11.795,,,,docked,obabel_ph,,,AutoDock Vina f458505-mod
5ETO_pH2,CASF,,5ETO,5RY_pH2,,-9.228,,,,docked,obabel_ph,,,AutoDock Vina f458505-mod
3M0I_pH10,CASF,,3M0I,ZST_pH10,,-11.952,,,,docked,obabel_ph,,,AutoDock Vina f458505-mod
5M78_pH10,CASF,,5M78,SAL_pH10,,-5.963,,,,docked,obabel_ph,,,AutoDock Vina f458505-mod
5M78_pH2,CASF,,5M78,SAL_pH2,,-5.998,,,,docked,obabel_ph,,,AutoDock Vina f458505-mod
5ETO_pH10,CASF,,5ETO,5RY_pH10,,-9.295,,,,docked,obabel_ph,,,AutoDock Vina f458505-mod
5K1L_pH2,CASF,,5K1L,BZI_pH2,,-5.698,,,,docked,obabel_ph,,,AutoDock Vina f458505-mod
5K1L_pH10,CASF,,5K1L,BZI_pH10,,-5.651,,,,docked,obabel_ph,,,AutoDock Vina f458505-mod
4M5I_pH2,CASF,,4M5I,YH6_pH2,,-9.555,,,,docked,obabel_ph,,,AutoDock Vina f458505-mod
4M5I_pH10,CASF,,4M5I,YH6_pH10,,-9.362,,,,docked,obabel_ph,,,AutoDock Vina f458505-mod
4M5L_pH2,CASF,,4M5L,YH4_pH2,,-9.477,,,,docked,obabel_ph,,,AutoDock Vina f458505-mod
4M5L_pH10,CASF,,4M5L,YH4_pH10,,-9.424,,,,docked,obabel_ph,,,AutoDock Vina f458505-mod
5ZJ2_pH10,CASF,,5ZJ2,MCO_pH10,,-4.835,,,,docked,obabel_ph,,,AutoDock Vina f458505-mod
5ZJ2_pH2,CASF,,5ZJ2,MCO_pH2,,-5.235,,,,docked,obabel_ph,,,AutoDock Vina f458505-mod
3F17_pH2,CASF,,3F17,HS4_pH2,,-9.964,,,,docked,obabel_ph,,,AutoDock Vina f458505-mod
3F17_pH10,CASF,,3F17,HS4_pH10,,-10.163,,,,docked,obabel_ph,,,AutoDock Vina f458505-mod
8Q3U_pH10,CASF,,8Q3U,J8I_pH10,,-7.619,,,,docked,obabel_ph,,,AutoDock Vina f458505-mod
8Q3U_pH2,CASF,,8Q3U,J8I_pH2,,-7.544,,,,docked,obabel_ph,,,AutoDock Vina f458505-mod
6SG0_pH2,CASF,,6SG0,FUN_pH2,,-8.352,,,,docked,obabel_ph,,,AutoDock Vina f458505-mod
6SG0_pH10,CASF,,6SG0,FUN_pH10,,-8.576,,,,docked,obabel_ph,,,AutoDock Vina f458505-mod
6T5W_pH2,CASF,,6T5W,J5K_pH2,,-7.797,,,,docked,obabel_ph,,,AutoDock Vina f458505-mod
6T5W_pH10,CASF,,6T5W,J5K_pH10,,-7.683,,,,docked,obabel_ph,,,AutoDock Vina f458505-mod
8GD2_pH2,CASF,,8GD2,Z5H_pH2,,-9.388,,,,docked,obabel_ph,,,AutoDock Vina f458505-mod
8GD2_pH10,CASF,,8GD2,Z5H_pH10,,-9.166,,,,docked,obabel_ph,,,AutoDock Vina f458505-mod
6D1G_pH10,CASF,,6D1G,YKG_pH10,,-6.264,,,,docked,obabel_ph,,,AutoDock Vina f458505-mod
6D1G_pH2,CASF,,6D1G,YKG_pH2,,-6.938,,,,docked,obabel_ph,,,AutoDock Vina f458505-mod
6FNM_pH2,CASF,,6FNM,1N1_pH2,,-9.171,,,,docked,obabel_ph,,,AutoDock Vina f458505-mod
6FNM_pH10,CASF,,6FNM,1N1_pH10,,-9.883,,,,docked,obabel_ph,,,AutoDock Vina f458505-mod
2HDS_pH2,CASF,,2HDS,4MB_pH2,,-7.086,,,,docked,obabel_ph,,,AutoDock Vina f458505-mod
4UDW_pH2,CASF,,4UDW,N6L_pH2,,,,,,needs_prepped_receptor:4UDW,obabel_ph,,,AutoDock Vina f458505-mod
4UDW_pH10,CASF,,4UDW,N6L_pH10,,,,,,needs_prepped_receptor:4UDW,obabel_ph,,,AutoDock Vina f458505-mod
2HDS_pH10,CASF,,2HDS,4MB_pH10,,-7.282,,,,docked,obabel_ph,,,AutoDock Vina f458505-mod
6GJL_pH2,CASF,,6GJL,F1Q_pH2,,-6.354,,,,docked,obabel_ph,,,AutoDock Vina f458505-mod
6GJL_pH10,CASF,,6GJL,F1Q_pH10,,-6.568,,,,docked,obabel_ph,,,AutoDock Vina f458505-mod
4EZ8_pH10,CASF,,4EZ8,NOH_pH10,,-7.523,,,,docked,obabel_ph,,,AutoDock Vina f458505-mod
4EZ8_pH2,CASF,,4EZ8,NOH_pH2,,-7.455,,,,docked,obabel_ph,,,AutoDock Vina f458505-mod
7Q5V_pH2,CASF,,7Q5V,OGA_pH2,,-5.502,,,,docked,obabel_ph,,,AutoDock Vina f458505-mod
7Q5V_pH10,CASF,,7Q5V,OGA_pH10,,-5.34,,,,docked,obabel_ph,,,AutoDock Vina f458505-mod
7R0L_pH2,CASF,,7R0L,GY1_pH2,,-8.294,,,,docked,obabel_ph,,,AutoDock Vina f458505-mod
7R0L_pH10,CASF,,7R0L,GY1_pH10,,-8.313,,,,docked,obabel_ph,,,AutoDock Vina f458505-mod
5WA5_pH2,CASF,,5WA5,4K4_pH2,,-8.915,,,,docked,obabel_ph,,,AutoDock Vina f458505-mod
5WA5_pH10,CASF,,5WA5,4K4_pH10,,-8.768,,,,docked,obabel_ph,,,AutoDock Vina f458505-mod
5EP7_pH10,CASF,,5EP7,5QR_pH10,,-7.008,,,,docked,obabel_ph,,,AutoDock Vina f458505-mod
5EP7_pH2,CASF,,5EP7,5QR_pH2,,-7.243,,,,docked,obabel_ph,,,AutoDock Vina f458505-mod
6T0P_pH2,CASF,,6T0P,M6Q_pH2,,-8.163,,,,docked,obabel_ph,,,AutoDock Vina f458505-mod
6LV1_pH2,CASF,,6LV1,BCT_pH2,,-3.934,,,,docked,obabel_ph,,,AutoDock Vina f458505-mod
6LV1_pH10,CASF,,6LV1,BCT_pH10,,-4.064,,,,docked,obabel_ph,,,AutoDock Vina f458505-mod
6T0P_pH10,CASF,,6T0P,M6Q_pH10,,-8.042,,,,docked,obabel_ph,,,AutoDock Vina f458505-mod
3WZP_pH10,CASF,,3WZP,ZOF_pH10,,-8.145,,,,docked,obabel_ph,,,AutoDock Vina f458505-mod
6GLH_pH2,CASF,,6GLH,BU8_pH2,,-6.513,,,,docked,obabel_ph,,,AutoDock Vina f458505-mod
3WZP_pH2,CASF,,3WZP,ZOF_pH2,,-8.333,,,,docked,obabel_ph,,,AutoDock Vina f458505-mod
6GLH_pH10,CASF,,6GLH,BU8_pH10,,-6.816,,,,docked,obabel_ph,,,AutoDock Vina f458505-mod
6Q3Y_pH2,CASF,,6Q3Y,HG5_pH2,,-7.793,,,,docked,obabel_ph,,,AutoDock Vina f458505-mod
6Q3Y_pH10,CASF,,6Q3Y,HG5_pH10,,-7.892,,,,docked,obabel_ph,,,AutoDock Vina f458505-mod
