claim_id,target,ligand_name,target_pdb,kind,score,status,scoring
CAII_SUA_in_3K34,CAII,SUA,3K34,self,-5.93,ok,vinardo
CAII_SUA_in_6ROB,CAII,SUA,6ROB,cross,-4.643,ok,vinardo
CAII_SUA_in_6ROE,CAII,SUA,6ROE,cross,-6.33,ok,vinardo
CAII_SUA_in_6SBL,CAII,SUA,6SBL,cross,-5.94,ok,vinardo
CAII_SUA_in_6RH4,CAII,SUA,6RH4,cross,-4.242,ok,vinardo
CAII_SUA_in_1LUG,CAII,SUA,1LUG,cross,-4.602,ok,vinardo
CAII_BGC_in_3K34,CAII,BGC,3K34,cross,-4.176,ok,vinardo
CAII_BGC_in_6ROB,CAII,BGC,6ROB,self,-4.471,ok,vinardo
CAII_BGC_in_6ROE,CAII,BGC,6ROE,cross,-5.076,ok,vinardo
CAII_BGC_in_6SBL,CAII,BGC,6SBL,cross,-4.259,ok,vinardo
CAII_BGC_in_6RH4,CAII,BGC,6RH4,cross,-3.898,ok,vinardo
CAII_BGC_in_1LUG,CAII,BGC,1LUG,cross,-3.597,ok,vinardo
CAII_FBT_in_3K34,CAII,FBT,3K34,cross,-5.322,ok,vinardo
CAII_FBT_in_6ROB,CAII,FBT,6ROB,cross,-5.251,ok,vinardo
CAII_FBT_in_6ROE,CAII,FBT,6ROE,self,-6.255,ok,vinardo
CAII_FBT_in_6SBL,CAII,FBT,6SBL,cross,-5.3,ok,vinardo
CAII_FBT_in_6RH4,CAII,FBT,6RH4,cross,-4.418,ok,vinardo
CAII_FBT_in_1LUG,CAII,FBT,1LUG,cross,-3.97,ok,vinardo
CAII_L4Q_in_3K34,CAII,L4Q,3K34,cross,-6.136,ok,vinardo
CAII_L4Q_in_6ROB,CAII,L4Q,6ROB,cross,-5.197,ok,vinardo
CAII_L4Q_in_6ROE,CAII,L4Q,6ROE,cross,-7.725,ok,vinardo
CAII_L4Q_in_6SBL,CAII,L4Q,6SBL,self,-5.452,ok,vinardo
CAII_L4Q_in_6RH4,CAII,L4Q,6RH4,cross,-4.332,ok,vinardo
CAII_L4Q_in_1LUG,CAII,L4Q,1LUG,cross,-3.995,ok,vinardo
CAII_4NZ_in_3K34,CAII,4NZ,3K34,cross,-5.238,ok,vinardo
CAII_4NZ_in_6ROB,CAII,4NZ,6ROB,cross,-5.823,ok,vinardo
CAII_4NZ_in_6ROE,CAII,4NZ,6ROE,cross,-6.415,ok,vinardo
CAII_4NZ_in_6SBL,CAII,4NZ,6SBL,cross,-5.154,ok,vinardo
CAII_4NZ_in_6RH4,CAII,4NZ,6RH4,self,-4.648,ok,vinardo
CAII_4NZ_in_1LUG,CAII,4NZ,1LUG,cross,-3.671,ok,vinardo
CAII_MBO_in_3K34,CAII,MBO,3K34,cross,,fail_prep,vinardo
CAII_MBO_in_6ROB,CAII,MBO,6ROB,cross,,fail_prep,vinardo
CAII_MBO_in_6ROE,CAII,MBO,6ROE,cross,,fail_prep,vinardo
CAII_MBO_in_6SBL,CAII,MBO,6SBL,cross,,fail_prep,vinardo
CAII_MBO_in_6RH4,CAII,MBO,6RH4,cross,,fail_prep,vinardo
CAII_MBO_in_1LUG,CAII,MBO,1LUG,self,,fail_prep,vinardo
THR_TYS_in_5AFY,THR,TYS,5AFY,self,-5.935,ok,vinardo
THR_TYS_in_4UDW,THR,TYS,4UDW,cross,-6.546,ok,vinardo
THR_TYS_in_5AF9,THR,TYS,5AF9,cross,-5.066,ok,vinardo
THR_TYS_in_3RM2,THR,TYS,3RM2,cross,-5.484,ok,vinardo
THR_TYS_in_2BVR,THR,TYS,2BVR,cross,-4.549,ok,vinardo
THR_TYS_in_3VXE,THR,TYS,3VXE,cross,-5.69,ok,vinardo
THR_N6L_in_5AFY,THR,N6L,5AFY,cross,-6.656,ok,vinardo
THR_N6L_in_4UDW,THR,N6L,4UDW,self,-9.349,ok,vinardo
THR_N6L_in_5AF9,THR,N6L,5AF9,cross,-6.369,ok,vinardo
THR_N6L_in_3RM2,THR,N6L,3RM2,cross,-6.819,ok,vinardo
THR_N6L_in_2BVR,THR,N6L,2BVR,cross,-6.501,ok,vinardo
THR_N6L_in_3VXE,THR,N6L,3VXE,cross,-4.322,ok,vinardo
THR_SJR_in_5AFY,THR,SJR,5AFY,cross,-6.115,ok,vinardo
THR_SJR_in_4UDW,THR,SJR,4UDW,cross,-7.728,ok,vinardo
THR_SJR_in_5AF9,THR,SJR,5AF9,self,-5.808,ok,vinardo
THR_SJR_in_3RM2,THR,SJR,3RM2,cross,-5.904,ok,vinardo
THR_SJR_in_2BVR,THR,SJR,2BVR,cross,-5.629,ok,vinardo
THR_SJR_in_3VXE,THR,SJR,3VXE,cross,-4.821,ok,vinardo
THR_S00_in_5AFY,THR,S00,5AFY,cross,-7.488,ok,vinardo
THR_S00_in_4UDW,THR,S00,4UDW,cross,-8.619,ok,vinardo
THR_S00_in_5AF9,THR,S00,5AF9,cross,-6.531,ok,vinardo
THR_S00_in_3RM2,THR,S00,3RM2,self,-7.383,ok,vinardo
THR_S00_in_2BVR,THR,S00,2BVR,cross,-6.519,ok,vinardo
THR_S00_in_3VXE,THR,S00,3VXE,cross,-5.422,ok,vinardo
THR_4CP_in_5AFY,THR,4CP,5AFY,cross,-6.015,ok,vinardo
THR_4CP_in_4UDW,THR,4CP,4UDW,cross,-7.944,ok,vinardo
THR_4CP_in_5AF9,THR,4CP,5AF9,cross,-6.184,ok,vinardo
THR_4CP_in_3RM2,THR,4CP,3RM2,cross,-7.032,ok,vinardo
THR_4CP_in_2BVR,THR,4CP,2BVR,self,-6.304,ok,vinardo
THR_4CP_in_3VXE,THR,4CP,3VXE,cross,-6.312,ok,vinardo
THR_DPN_in_5AFY,THR,DPN,5AFY,cross,-5.887,ok,vinardo
THR_DPN_in_4UDW,THR,DPN,4UDW,cross,-6.335,ok,vinardo
THR_DPN_in_5AF9,THR,DPN,5AF9,cross,-4.611,ok,vinardo
THR_DPN_in_3RM2,THR,DPN,3RM2,cross,-5.152,ok,vinardo
THR_DPN_in_2BVR,THR,DPN,2BVR,cross,-4.581,ok,vinardo
THR_DPN_in_3VXE,THR,DPN,3VXE,self,-5.803,ok,vinardo
TRYP_BEN_in_4I8H,TRYP,BEN,4I8H,self,-6.809,ok,vinardo
TRYP_BEN_in_5MNN,TRYP,BEN,5MNN,cross,-8.513,ok,vinardo
TRYP_BEN_in_5MON,TRYP,BEN,5MON,cross,-6.338,ok,vinardo
TRYP_BEN_in_6SY3,TRYP,BEN,6SY3,cross,-6.397,ok,vinardo
TRYP_BEN_in_6YIV,TRYP,BEN,6YIV,cross,-5.518,ok,vinardo
TRYP_BEN_in_2AYW,TRYP,BEN,2AYW,cross,-5.506,ok,vinardo
TRYP_MRZ_in_4I8H,TRYP,MRZ,4I8H,cross,-6.022,ok,vinardo
TRYP_MRZ_in_5MNN,TRYP,MRZ,5MNN,self,-7.537,ok,vinardo
TRYP_MRZ_in_5MON,TRYP,MRZ,5MON,cross,-5.327,ok,vinardo
TRYP_MRZ_in_6SY3,TRYP,MRZ,6SY3,cross,-5.505,ok,vinardo
TRYP_MRZ_in_6YIV,TRYP,MRZ,6YIV,cross,-5.071,ok,vinardo
TRYP_MRZ_in_2AYW,TRYP,MRZ,2AYW,cross,-5.148,ok,vinardo
TRYP_2AP_in_4I8H,TRYP,2AP,4I8H,cross,-5.314,ok,vinardo
TRYP_2AP_in_5MNN,TRYP,2AP,5MNN,cross,-6.756,ok,vinardo
TRYP_2AP_in_5MON,TRYP,2AP,5MON,self,-4.786,ok,vinardo
TRYP_2AP_in_6SY3,TRYP,2AP,6SY3,cross,-5.114,ok,vinardo
TRYP_2AP_in_6YIV,TRYP,2AP,6YIV,cross,-4.347,ok,vinardo
TRYP_2AP_in_2AYW,TRYP,2AP,2AYW,cross,-4.34,ok,vinardo
TRYP_LXW_in_4I8H,TRYP,LXW,4I8H,cross,-7.441,ok,vinardo
TRYP_LXW_in_5MNN,TRYP,LXW,5MNN,cross,-10.734,ok,vinardo
TRYP_LXW_in_5MON,TRYP,LXW,5MON,cross,-6.07,ok,vinardo
TRYP_LXW_in_6SY3,TRYP,LXW,6SY3,self,-7.384,ok,vinardo
TRYP_LXW_in_6YIV,TRYP,LXW,6YIV,cross,-5.456,ok,vinardo
TRYP_LXW_in_2AYW,TRYP,LXW,2AYW,cross,-5.542,ok,vinardo
TRYP_D86_in_4I8H,TRYP,D86,4I8H,cross,-5.76,ok,vinardo
TRYP_D86_in_5MNN,TRYP,D86,5MNN,cross,-7.649,ok,vinardo
TRYP_D86_in_5MON,TRYP,D86,5MON,cross,-5.093,ok,vinardo
TRYP_D86_in_6SY3,TRYP,D86,6SY3,cross,-5.437,ok,vinardo
TRYP_D86_in_6YIV,TRYP,D86,6YIV,self,-5.189,ok,vinardo
TRYP_D86_in_2AYW,TRYP,D86,2AYW,cross,-5.144,ok,vinardo
TRYP_1NJ_in_4I8H,TRYP,1NJ,4I8H,cross,-6.755,ok,vinardo
TRYP_1NJ_in_5MNN,TRYP,1NJ,5MNN,cross,-9.381,ok,vinardo
TRYP_1NJ_in_5MON,TRYP,1NJ,5MON,cross,-6.266,ok,vinardo
TRYP_1NJ_in_6SY3,TRYP,1NJ,6SY3,cross,-7.358,ok,vinardo
TRYP_1NJ_in_6YIV,TRYP,1NJ,6YIV,cross,-3.895,ok,vinardo
TRYP_1NJ_in_2AYW,TRYP,1NJ,2AYW,self,-6.087,ok,vinardo
