complex,ligand,status,baseline,box25,exh4,abs_delta_box,abs_delta_exh,scoring
2F01,BTN,ok,-6.386,-5.813,-6.399,0.573,0.013,vinardo
5MNN,MRZ,ok,-7.555,-7.563,-7.564,0.008,0.009,vinardo
7WDJ,EIC,ok,-6.238,-6.59,-6.238,0.352,0.0,vinardo
4QB3,30M,ok,-6.24,-6.204,-6.3,0.036,0.06,vinardo
6RH4,4NZ,ok,-4.118,-6.348,-4.111,2.23,0.007,vinardo
6FO5,DZH,ok,-5.945,-5.798,-5.945,0.147,0.0,vinardo
6SBH,L4K,ok,-6.868,-7.359,-6.868,0.491,0.0,vinardo
6SY3,LXW,ok,-7.37,-7.584,-7.385,0.214,0.015,vinardo
6RKN,FBS,ok,-5.423,-6.664,-5.428,1.241,0.005,vinardo
4YXI,4J8,ok,-5.801,-5.803,-5.801,0.002,0.0,vinardo
6RFH,4SO,ok,-5.324,-6.034,-5.325,0.71,0.001,vinardo
6QLR,J4N,ok,-5.79,-5.701,-5.79,0.089,0.0,vinardo
6TD0,4D6,fail_baseline,,,,,,vinardo
6RIG,K4N,ok,-4.38,-5.888,-4.371,1.508,0.009,vinardo
2PZN,393,ok,-9.216,-7.517,-8.466,1.699,0.75,vinardo
4X6H,I37,ok,-5.409,-5.381,-5.142,0.028,0.267,vinardo
6QLN,J5Q,ok,-6.076,-6.025,-6.048,0.051,0.028,vinardo
6RL9,SAN,ok,-5.17,-5.903,-5.17,0.733,0.0,vinardo
4YX4,FB2,ok,-5.452,-5.455,-5.453,0.003,0.001,vinardo
6HR3,4JE,ok,-5.824,-5.934,-5.81,0.11,0.014,vinardo
5LL8,6YP,ok,-6.379,-6.399,-6.392,0.02,0.013,vinardo
6HMB,3NG,ok,-10.551,-10.557,-10.557,0.006,0.006,vinardo
8QH8,V8I,ok,-6.374,-6.379,-6.387,0.005,0.013,vinardo
5ETP,5RZ,ok,-7.255,-6.575,-7.255,0.68,0.0,vinardo
6SD7,L7T,ok,-5.33,-5.234,-5.333,0.096,0.003,vinardo
6XXT,O42,ok,-6.099,-6.087,-6.094,0.012,0.005,vinardo
7RH3,59O,ok,-4.088,-4.058,-4.09,0.03,0.002,vinardo
4PZH,V13,ok,-5.762,-5.759,-5.742,0.003,0.02,vinardo
4WW6,3TV,ok,-5.59,-5.536,-5.59,0.054,0.0,vinardo
4YXO,4JC,ok,-3.703,-4.396,-3.692,0.693,0.011,vinardo
5OGJ,V90,ok,-3.788,-3.671,-3.52,0.117,0.268,vinardo
3M0I,ZST,ok,-9.391,-9.232,-9.366,0.159,0.025,vinardo
4YYT,S2O,ok,-5.64,-5.509,-5.507,0.131,0.133,vinardo
5ETO,5RY,ok,-7.572,-7.062,-7.537,0.51,0.035,vinardo
5M78,SAL,ok,-4.864,-4.947,-4.864,0.083,0.0,vinardo
6QLQ,J4E,ok,-5.289,-5.281,-5.211,0.008,0.078,vinardo
4J1P,1K0,ok,-5.188,-5.528,-5.195,0.34,0.007,vinardo
4M5I,YH6,ok,-6.947,-6.972,-6.951,0.025,0.004,vinardo
5K1L,BZI,ok,-4.763,-4.766,-4.732,0.003,0.031,vinardo
6I1U,3W8,ok,-5.189,-5.27,-5.17,0.081,0.019,vinardo
7BHR,TQE,ok,-3.661,-3.661,-3.67,0.0,0.009,vinardo
8PFF,YJF,ok,-4.17,-4.17,-4.17,0.0,0.0,vinardo
6QLP,J3Q,ok,-5.741,-5.738,-5.435,0.003,0.306,vinardo
8AEC,LW3,ok,-6.368,-6.376,-6.368,0.008,0.0,vinardo
4M5L,YH4,ok,-7.01,-7.029,-7.01,0.019,0.0,vinardo
